"HITId","HITTypeId","Title","Description","Keywords","Reward","CreationTime","MaxAssignments","RequesterAnnotation","AssignmentDurationInSeconds","AutoApprovalDelayInSeconds","Expiration","NumberOfSimilarHITs","LifetimeInSeconds","AssignmentId","WorkerId","AssignmentStatus","AcceptTime","SubmitTime","AutoApprovalTime","ApprovalTime","RejectionTime","RequesterFeedback","WorkTimeInSeconds","LifetimeApprovalRate","Last30DaysApprovalRate","Last7DaysApprovalRate","Input.sentenceId","Input.sentence","Input.index","Input.verbIndices","Input.prep","Input.wordIndex","Answer.taskAnswers","Approve","Reject"
"3OYHVNTV5TZNPA47KS25Y61NEEBKOX","3AHTORI2CVY36KQA8QSKO64FAYKHX8","Ask and answer questions about nouns","Ask and answer questions about nouns","noun","$0.05","Sun Feb 13 00:57:21 PST 2022","3","BatchId:347806;OriginalHitTemplateId:921587278;","18000","259200","Tue Mar 15 01:57:21 PDT 2022","","","3DI28L7YXAF2T23Q86YSCY6QVAG1EG","AZC7J87AH18DW","Approved","Tue Feb 15 03:29:16 PST 2022","Tue Feb 15 03:31:05 PST 2022","Fri Feb 18 03:31:05 PST 2022","Fri Feb 18 03:31:44 PST 2022","","","109","100% (1122/1122)","100% (211/211)","100% (185/185)","Wiki1k:wikipedia:19572217:14:6","There are 16 H and 9 N subtypes known , but only H 1 , 2 and 3 , and N 1 and 2 are commonly found in humans .","7","8&26","","","[{""another-question"":""add QA"",""answers-1"":""16"",""answers-2"":""H"",""answers-3"":""9"",""answers-4"":""N"",""answers-5"":""H 1 , 2 and 3 , and N 1 and 2"",""discard-question"":""discard question"",""end-1"":""4"",""end-2"":""5"",""end-3"":""7"",""end-4"":""8"",""end-5"":""25"",""member-consist-1"":""member"",""member-consist-2"":""member"",""member-consist-3"":""member"",""member-consist-4"":""member"",""member-consist-5"":""member"",""member-partof-1"":""member"",""member-partof-2"":""member"",""member-partof-3"":""member"",""member-partof-4"":""member"",""member-partof-5"":""member"",""notthe-copular-1"":""subtypes"",""notthe-copular-2"":""subtypes"",""notthe-copular-3"":""subtypes"",""notthe-copular-4"":""subtypes"",""notthe-copular-5"":""subtypes"",""part-consist-1"":""part"",""part-consist-2"":""part"",""part-consist-3"":""part"",""part-consist-4"":""part"",""part-consist-5"":""part"",""part-partof-1"":""part"",""part-partof-2"":""part"",""part-partof-3"":""part"",""part-partof-4"":""part"",""part-partof-5"":""part"",""question-1"":""How much /How many subtypes?"",""question-2"":""What kind of subtypes?"",""question-3"":""How much /How many subtypes?"",""question-4"":""What kind of subtypes?"",""question-5"":""What/Who is a part/member of subtypes?"",""question-5-consist-input-part-member"":""part"",""question-5-consist-input-what-who"":""What"",""remove-button"":""remove answer"",""start-1"":""3"",""start-2"":""4"",""start-3"":""6"",""start-4"":""7"",""start-5"":""13"",""the-copular-1"":""the subtypes"",""the-copular-2"":""the subtypes"",""the-copular-3"":""the subtypes"",""the-copular-4"":""the subtypes"",""the-copular-5"":""the subtypes"",""what-consist-1"":""What"",""what-consist-2"":""What"",""what-consist-3"":""What"",""what-consist-4"":""What"",""what-consist-5"":""What"",""what-copular-1"":""What"",""what-copular-2"":""What"",""what-copular-3"":""What"",""what-copular-4"":""What"",""what-copular-5"":""What"",""who-consist-1"":""Who"",""who-consist-2"":""Who"",""who-consist-3"":""Who"",""who-consist-4"":""Who"",""who-consist-5"":""Who"",""who-copular-1"":""Who"",""who-copular-2"":""Who"",""who-copular-3"":""Who"",""who-copular-4"":""Who"",""who-copular-5"":""Who""}]"
"3OYHVNTV5TZNPA47KS25Y61NEEBKOX","3AHTORI2CVY36KQA8QSKO64FAYKHX8","Ask and answer questions about nouns","Ask and answer questions about nouns","noun","$0.05","Sun Feb 13 00:57:21 PST 2022","3","BatchId:347806;OriginalHitTemplateId:921587278;","18000","259200","Tue Mar 15 01:57:21 PDT 2022","","","3Z4AIRP3C6EBZ2U73BOK0NRXBHXX1T","A2CK4EBWLXYOV1","Approved","Tue Feb 15 23:42:06 PST 2022","Tue Feb 15 23:45:37 PST 2022","Fri Feb 18 23:45:37 PST 2022","Fri Feb 18 23:46:20 PST 2022","","","211","100% (367/367)","100% (23/23)","100% (22/22)","Wiki1k:wikipedia:19572217:14:6","There are 16 H and 9 N subtypes known , but only H 1 , 2 and 3 , and N 1 and 2 are commonly found in humans .","7","8&26","","","[{""another-question"":""add QA"",""answers-1"":""16 H and 9 N"",""discard-question"":""discard question"",""end-1"":""7"",""member-consist-1"":""member"",""member-partof-1"":""member"",""notthe-copular-1"":""subtypes"",""part-consist-1"":""part"",""part-partof-1"":""part"",""question-1"":""What/Who is a part/member of subtypes?"",""question-1-consist-input-part-member"":""part"",""question-1-consist-input-what-who"":""What"",""remove-button"":""remove answer"",""start-1"":""3"",""the-copular-1"":""the subtypes"",""what-consist-1"":""What"",""what-copular-1"":""What"",""who-consist-1"":""Who"",""who-copular-1"":""Who""}]"
"3IVKZBIBJ0ABLCVSLOGH5JVWJMASHY","3AHTORI2CVY36KQA8QSKO64FAYKHX8","Ask and answer questions about nouns","Ask and answer questions about nouns","noun","$0.05","Sun Feb 13 00:57:21 PST 2022","3","BatchId:347806;OriginalHitTemplateId:921587278;","18000","259200","Tue Mar 15 01:57:21 PDT 2022","","","3J4Q2Z4UTY4KR69YELIDZ5LYARJWQU","A2CK4EBWLXYOV1","Approved","Tue Feb 15 23:39:03 PST 2022","Tue Feb 15 23:39:59 PST 2022","Fri Feb 18 23:39:59 PST 2022","Fri Feb 18 23:40:20 PST 2022","","","56","100% (367/367)","100% (23/23)","100% (22/22)","Wiki1k:wikipedia:19572217:14:6","There are 16 H and 9 N subtypes known , but only H 1 , 2 and 3 , and N 1 and 2 are commonly found in humans .","28","8&26","","","[{""another-question"":""add QA"",""answers-1"":""H 1 , 2 and 3 , and N 1 and 2"",""discard-question"":""discard question"",""end-1"":""24"",""member-consist-1"":""member"",""member-partof-1"":""member"",""notthe-copular-1"":""humans"",""part-consist-1"":""part"",""part-partof-1"":""part"",""question-1"":""What/Who is a part/member of humans?"",""question-1-consist-input-part-member"":""part"",""question-1-consist-input-what-who"":""What"",""remove-button"":""remove answer"",""start-1"":""13"",""the-copular-1"":""the humans"",""what-consist-1"":""What"",""what-copular-1"":""What"",""who-consist-1"":""Who"",""who-copular-1"":""Who""}]"
"3IVKZBIBJ0ABLCVSLOGH5JVWJMASHY","3AHTORI2CVY36KQA8QSKO64FAYKHX8","Ask and answer questions about nouns","Ask and answer questions about nouns","noun","$0.05","Sun Feb 13 00:57:21 PST 2022","3","BatchId:347806;OriginalHitTemplateId:921587278;","18000","259200","Tue Mar 15 01:57:21 PDT 2022","","","3SB4CE2TJVW7TQ77ZUHDBOK0FAWXA8","AZC7J87AH18DW","Approved","Tue Feb 15 02:48:32 PST 2022","Tue Feb 15 02:49:07 PST 2022","Fri Feb 18 02:49:07 PST 2022","Fri Feb 18 02:49:44 PST 2022","","","35","100% (1122/1122)","100% (211/211)","100% (185/185)","Wiki1k:wikipedia:19572217:14:6","There are 16 H and 9 N subtypes known , but only H 1 , 2 and 3 , and N 1 and 2 are commonly found in humans .","28","8&26","","","[{""another-question"":""add QA""}]"
"3ZRKL6Z1E84XLG0H1IYZKJJV4MXSGZ","3AHTORI2CVY36KQA8QSKO64FAYKHX8","Ask and answer questions about nouns","Ask and answer questions about nouns","noun","$0.05","Sun Feb 13 00:57:21 PST 2022","3","BatchId:347806;OriginalHitTemplateId:921587278;","18000","259200","Tue Mar 15 01:57:21 PDT 2022","","","3DEL4X4EL6M8P85AF0VTEA27I26YXS","A2CK4EBWLXYOV1","Approved","Tue Feb 15 23:49:28 PST 2022","Tue Feb 15 23:49:45 PST 2022","Fri Feb 18 23:49:45 PST 2022","Fri Feb 18 23:50:20 PST 2022","","","17","100% (367/367)","100% (23/23)","100% (22/22)","Wiki1k:wikinews:614764:0:1","In relation to complaints about alleged events between 1974 and 1984 involving three females between eight and seventeen years of age , Hall was charged with three counts of indecent assault after being arrested Wednesday .","1","11&24&33","","","[{""another-question"":""add QA""}]"
"3ZRKL6Z1E84XLG0H1IYZKJJV4MXSGZ","3AHTORI2CVY36KQA8QSKO64FAYKHX8","Ask and answer questions about nouns","Ask and answer questions about nouns","noun","$0.05","Sun Feb 13 00:57:21 PST 2022","3","BatchId:347806;OriginalHitTemplateId:921587278;","18000","259200","Tue Mar 15 01:57:21 PDT 2022","","","3Y9N9SS8LYCTBZ35ZF1RU932TIT3DH","AZC7J87AH18DW","Approved","Tue Feb 15 03:22:20 PST 2022","Tue Feb 15 03:27:01 PST 2022","Fri Feb 18 03:27:01 PST 2022","Fri Feb 18 03:27:44 PST 2022","","","281","100% (1122/1122)","100% (211/211)","100% (185/185)","Wiki1k:wikinews:614764:0:1","In relation to complaints about alleged events between 1974 and 1984 involving three females between eight and seventeen years of age , Hall was charged with three counts of indecent assault after being arrested Wednesday .","1","11&24&33","","","[{""another-question"":""add QA"",""answers-1"":""complaints about alleged events between 1974 and 1984 involving three females between eight and seventeen years of age"",""answers-2"":""Hall was charged with three counts of indecent assault after being arrested Wednesday"",""comment-1"":""Hard to find appropriate question.\nQANom is much better here"",""discard-question"":""discard question"",""end-1"":""22"",""end-2"":""36"",""member-consist-1"":""member"",""member-consist-2"":""member"",""member-partof-1"":""member"",""member-partof-2"":""member"",""notthe-copular-1"":""relation"",""notthe-copular-2"":""relation"",""part-consist-1"":""part"",""part-consist-2"":""part"",""part-partof-1"":""part"",""part-partof-2"":""part"",""question-1"":""What/Who is a part/member of relation?"",""question-1-consist-input-part-member"":""member"",""question-1-consist-input-what-who"":""What"",""question-2"":""What/Who is a part/member of relation?"",""question-2-consist-input-part-member"":""member"",""question-2-consist-input-what-who"":""What"",""remove-button"":""remove answer"",""start-1"":""4"",""start-2"":""23"",""the-copular-1"":""the relation"",""the-copular-2"":""the relation"",""what-consist-1"":""What"",""what-consist-2"":""What"",""what-copular-1"":""What"",""what-copular-2"":""What"",""who-consist-1"":""Who"",""who-consist-2"":""Who"",""who-copular-1"":""Who"",""who-copular-2"":""Who""}]"
"37ZQELHEQ0Z0XD4Y4PF8YUTMD91NMQ","3AHTORI2CVY36KQA8QSKO64FAYKHX8","Ask and answer questions about nouns","Ask and answer questions about nouns","noun","$0.05","Sun Feb 13 00:57:21 PST 2022","3","BatchId:347806;OriginalHitTemplateId:921587278;","18000","259200","Tue Mar 15 01:57:21 PDT 2022","","","3VHP9MDGRNLEMJDKJE7IBCAHB8MFC2","AZC7J87AH18DW","Approved","Tue Feb 15 03:55:29 PST 2022","Tue Feb 15 03:59:10 PST 2022","Fri Feb 18 03:59:10 PST 2022","Fri Feb 18 03:59:44 PST 2022","","","221","100% (1122/1122)","100% (211/211)","100% (185/185)","Wiki1k:wikinews:614764:0:1","In relation to complaints about alleged events between 1974 and 1984 involving three females between eight and seventeen years of age , Hall was charged with three counts of indecent assault after being arrested Wednesday .","3","11&24&33","","","[{""another-question"":""add QA"",""answers-1"":""alleged events between 1974 and 1984 involving three females between eight and seventeen years of age"",""answers-2"":""Hall"",""discard-question"":""discard question"",""end-1"":""22"",""end-2"":""24"",""member-consist-1"":""member"",""member-consist-2"":""member"",""member-partof-1"":""member"",""member-partof-2"":""member"",""notthe-copular-1"":""complaints"",""notthe-copular-2"":""complaints"",""part-consist-1"":""part"",""part-consist-2"":""part"",""part-partof-1"":""part"",""part-partof-2"":""part"",""question-1"":""What is the [PROPERTY] of (the) complaints?"",""question-1-property-input"":""content"",""question-2"":""What is the [PROPERTY] of (the) complaints?"",""question-2-property-input"":""object"",""remove-button"":""remove answer"",""start-1"":""6"",""start-2"":""23"",""the-copular-1"":""the complaints"",""the-copular-2"":""the complaints"",""what-consist-1"":""What"",""what-consist-2"":""What"",""what-copular-1"":""What"",""what-copular-2"":""What"",""who-consist-1"":""Who"",""who-consist-2"":""Who"",""who-copular-1"":""Who"",""who-copular-2"":""Who""}]"
"3MVY4USGB6OBH76CR6Y25VWBJZPSIR","3AHTORI2CVY36KQA8QSKO64FAYKHX8","Ask and answer questions about nouns","Ask and answer questions about nouns","noun","$0.05","Sun Feb 13 00:57:21 PST 2022","3","BatchId:347806;OriginalHitTemplateId:921587278;","18000","259200","Tue Mar 15 01:57:21 PDT 2022","","","3483FV8BEEK558S7LSF85TOI6I662H","AZC7J87AH18DW","Approved","Tue Feb 15 03:34:33 PST 2022","Tue Feb 15 03:36:28 PST 2022","Fri Feb 18 03:36:28 PST 2022","Fri Feb 18 03:36:44 PST 2022","","","115","100% (1122/1122)","100% (211/211)","100% (185/185)","Wiki1k:wikinews:614764:0:1","In relation to complaints about alleged events between 1974 and 1984 involving three females between eight and seventeen years of age , Hall was charged with three counts of indecent assault after being arrested Wednesday .","6","11&24&33","","","[{""another-question"":""add QA"",""answers-1"":""between 1974 and 1984"",""answers-2"":""alleged"",""discard-question"":""discard question"",""end-1"":""12"",""end-2"":""7"",""member-consist-1"":""member"",""member-consist-2"":""member"",""member-partof-1"":""member"",""member-partof-2"":""member"",""notthe-copular-1"":""events"",""notthe-copular-2"":""events"",""part-consist-1"":""part"",""part-consist-2"":""part"",""part-partof-1"":""part"",""part-partof-2"":""part"",""question-1"":""When is the events?"",""question-2"":""What is the [PROPERTY] of (the) events?"",""question-2-property-input"":""veracity"",""remove-button"":""remove answer"",""start-1"":""8"",""start-2"":""6"",""the-copular-1"":""the events"",""the-copular-2"":""the events"",""what-consist-1"":""What"",""what-consist-2"":""What"",""what-copular-1"":""What"",""what-copular-2"":""What"",""who-consist-1"":""Who"",""who-consist-2"":""Who"",""who-copular-1"":""Who"",""who-copular-2"":""Who""}]"
"3MVY4USGB6OBH76CR6Y25VWBJZPSIR","3AHTORI2CVY36KQA8QSKO64FAYKHX8","Ask and answer questions about nouns","Ask and answer questions about nouns","noun","$0.05","Sun Feb 13 00:57:21 PST 2022","3","BatchId:347806;OriginalHitTemplateId:921587278;","18000","259200","Tue Mar 15 01:57:21 PDT 2022","","","3C6FJU71TQUG84BFAVK6U333OKPYU0","A2CK4EBWLXYOV1","Approved","Tue Feb 15 23:45:40 PST 2022","Tue Feb 15 23:49:00 PST 2022","Fri Feb 18 23:49:00 PST 2022","Fri Feb 18 23:49:20 PST 2022","","","200","100% (367/367)","100% (23/23)","100% (22/22)","Wiki1k:wikinews:614764:0:1","In relation to complaints about alleged events between 1974 and 1984 involving three females between eight and seventeen years of age , Hall was charged with three counts of indecent assault after being arrested Wednesday .","6","11&24&33","","","[{""another-question"":""add QA"",""answers-1"":""between 1974 and 1984"",""discard-question"":""discard question"",""end-1"":""11"",""member-consist-1"":""member"",""member-partof-1"":""member"",""notthe-copular-1"":""events"",""part-consist-1"":""part"",""part-partof-1"":""part"",""question-1"":""When is the events?"",""remove-button"":""remove answer"",""start-1"":""8"",""the-copular-1"":""the events"",""what-consist-1"":""What"",""what-copular-1"":""What"",""who-consist-1"":""Who"",""who-copular-1"":""Who""}]"
"3IWA71V4TIH3K4XAJFV070NYPNWX6A","3AHTORI2CVY36KQA8QSKO64FAYKHX8","Ask and answer questions about nouns","Ask and answer questions about nouns","noun","$0.05","Sun Feb 13 00:57:21 PST 2022","3","BatchId:347806;OriginalHitTemplateId:921587278;","18000","259200","Tue Mar 15 01:57:21 PDT 2022","","","3KKG4CDWKIZ2Q59SND18IICIGXA94R","AZC7J87AH18DW","Approved","Tue Feb 15 03:36:41 PST 2022","Tue Feb 15 03:37:53 PST 2022","Fri Feb 18 03:37:53 PST 2022","Fri Feb 18 03:38:44 PST 2022","","","72","100% (1122/1122)","100% (211/211)","100% (185/185)","Wiki1k:wikinews:614764:0:1","In relation to complaints about alleged events between 1974 and 1984 involving three females between eight and seventeen years of age , Hall was charged with three counts of indecent assault after being arrested Wednesday .","13","11&24&33","","","[{""another-question"":""add QA"",""answers-1"":""three"",""answers-2"":""between eight and seventeen years of age"",""discard-question"":""discard question"",""end-1"":""14"",""end-2"":""22"",""member-consist-1"":""member"",""member-consist-2"":""member"",""member-partof-1"":""member"",""member-partof-2"":""member"",""notthe-copular-1"":""females"",""notthe-copular-2"":""females"",""part-consist-1"":""part"",""part-consist-2"":""part"",""part-partof-1"":""part"",""part-partof-2"":""part"",""question-1"":""How much /How many females?"",""question-2"":""What is the [PROPERTY] of (the) females?"",""question-2-property-input"":""age"",""remove-button"":""remove answer"",""start-1"":""13"",""start-2"":""15"",""the-copular-1"":""the females"",""the-copular-2"":""the females"",""what-consist-1"":""What"",""what-consist-2"":""What"",""what-copular-1"":""What"",""what-copular-2"":""What"",""who-consist-1"":""Who"",""who-consist-2"":""Who"",""who-copular-1"":""Who"",""who-copular-2"":""Who""}]"
"3IWA71V4TIH3K4XAJFV070NYPNWX6A","3AHTORI2CVY36KQA8QSKO64FAYKHX8","Ask and answer questions about nouns","Ask and answer questions about nouns","noun","$0.05","Sun Feb 13 00:57:21 PST 2022","3","BatchId:347806;OriginalHitTemplateId:921587278;","18000","259200","Tue Mar 15 01:57:21 PDT 2022","","","3RWE2M8QWHB6GJVL5MXBOGHP4A50NV","A2CK4EBWLXYOV1","Approved","Mon Feb 14 08:28:14 PST 2022","Mon Feb 14 08:28:48 PST 2022","Thu Feb 17 08:28:48 PST 2022","Thu Feb 17 08:29:12 PST 2022","","","34","100% (367/367)","100% (23/23)","100% (22/22)","Wiki1k:wikinews:614764:0:1","In relation to complaints about alleged events between 1974 and 1984 involving three females between eight and seventeen years of age , Hall was charged with three counts of indecent assault after being arrested Wednesday .","13","11&24&33","","","[{""another-question"":""add QA"",""answers-1"":""between eight and seventeen"",""answers-2"":""three"",""discard-question"":""discard question"",""end-1"":""18"",""end-2"":""13"",""member-consist-1"":""member"",""member-consist-2"":""member"",""member-partof-1"":""member"",""member-partof-2"":""member"",""notthe-copular-1"":""females"",""notthe-copular-2"":""females"",""part-consist-1"":""part"",""part-consist-2"":""part"",""part-partof-1"":""part"",""part-partof-2"":""part"",""question-1"":""What is the [PROPERTY] of (the) females?"",""question-1-property-input"":""age"",""question-2"":""How much /How many females?"",""remove-button"":""remove answer"",""start-1"":""15"",""start-2"":""13"",""the-copular-1"":""the females"",""the-copular-2"":""the females"",""what-consist-1"":""What"",""what-consist-2"":""What"",""what-copular-1"":""What"",""what-copular-2"":""What"",""who-consist-1"":""Who"",""who-consist-2"":""Who"",""who-copular-1"":""Who"",""who-copular-2"":""Who""}]"
"3H4IKZHALBJ6FVPYGQU8B9IMIZBNNQ","3AHTORI2CVY36KQA8QSKO64FAYKHX8","Ask and answer questions about nouns","Ask and answer questions about nouns","noun","$0.05","Sun Feb 13 00:57:21 PST 2022","3","BatchId:347806;OriginalHitTemplateId:921587278;","18000","259200","Tue Mar 15 01:57:21 PDT 2022","","","37Q970SNZE933L8891IX1FA5W2VS1G","A2CK4EBWLXYOV1","Approved","Tue Feb 15 23:40:49 PST 2022","Tue Feb 15 23:41:39 PST 2022","Fri Feb 18 23:41:39 PST 2022","Fri Feb 18 23:42:20 PST 2022","","","50","100% (367/367)","100% (23/23)","100% (22/22)","Wiki1k:wikinews:614764:0:1","In relation to complaints about alleged events between 1974 and 1984 involving three females between eight and seventeen years of age , Hall was charged with three counts of indecent assault after being arrested Wednesday .","18","11&24&33","","","[{""another-question"":""add QA"",""answers-1"":""between eight and seventeen"",""answers-2"":""of age"",""discard-question"":""discard question"",""end-1"":""18"",""end-2"":""21"",""member-consist-1"":""member"",""member-consist-2"":""member"",""member-partof-1"":""member"",""member-partof-2"":""member"",""notthe-copular-1"":""years"",""notthe-copular-2"":""years"",""part-consist-1"":""part"",""part-consist-2"":""part"",""part-partof-1"":""part"",""part-partof-2"":""part"",""question-1"":""How much /How many years?"",""question-2"":""What kind of years?"",""remove-button"":""remove answer"",""start-1"":""15"",""start-2"":""20"",""the-copular-1"":""the years"",""the-copular-2"":""the years"",""what-consist-1"":""What"",""what-consist-2"":""What"",""what-copular-1"":""What"",""what-copular-2"":""What"",""who-consist-1"":""Who"",""who-consist-2"":""Who"",""who-copular-1"":""Who"",""who-copular-2"":""Who""}]"
"3H4IKZHALBJ6FVPYGQU8B9IMIZBNNQ","3AHTORI2CVY36KQA8QSKO64FAYKHX8","Ask and answer questions about nouns","Ask and answer questions about nouns","noun","$0.05","Sun Feb 13 00:57:21 PST 2022","3","BatchId:347806;OriginalHitTemplateId:921587278;","18000","259200","Tue Mar 15 01:57:21 PDT 2022","","","3OONKJ5DKCKPIRY74HUDNMDDLOCOBP","AZC7J87AH18DW","Approved","Tue Feb 15 03:02:25 PST 2022","Tue Feb 15 03:05:43 PST 2022","Fri Feb 18 03:05:43 PST 2022","Fri Feb 18 03:05:44 PST 2022","","","198","100% (1122/1122)","100% (211/211)","100% (185/185)","Wiki1k:wikinews:614764:0:1","In relation to complaints about alleged events between 1974 and 1984 involving three females between eight and seventeen years of age , Hall was charged with three counts of indecent assault after being arrested Wednesday .","18","11&24&33","","","[{""another-question"":""add QA"",""answers-1"":""between eight and seventeen"",""answers-2"":""of age"",""discard-question"":""discard question"",""end-1"":""19"",""end-2"":""22"",""member-consist-1"":""member"",""member-consist-2"":""member"",""member-partof-1"":""member"",""member-partof-2"":""member"",""notthe-copular-1"":""years"",""notthe-copular-2"":""years"",""part-consist-1"":""part"",""part-consist-2"":""part"",""part-partof-1"":""part"",""part-partof-2"":""part"",""question-1"":""How much /How many years?"",""question-2"":""What kind of years?"",""remove-button"":""remove answer"",""start-1"":""15"",""start-2"":""20"",""the-copular-1"":""the years"",""the-copular-2"":""the years"",""what-consist-1"":""What"",""what-consist-2"":""What"",""what-copular-1"":""What"",""what-copular-2"":""What"",""who-consist-1"":""Who"",""who-consist-2"":""Who"",""who-copular-1"":""Who"",""who-copular-2"":""Who""}]"
"31YWE12TE0DMO4BF2P0SDENUKYGX79","3AHTORI2CVY36KQA8QSKO64FAYKHX8","Ask and answer questions about nouns","Ask and answer questions about nouns","noun","$0.05","Sun Feb 13 00:57:21 PST 2022","3","BatchId:347806;OriginalHitTemplateId:921587278;","18000","259200","Tue Mar 15 01:57:21 PDT 2022","","","340UGXU9DY2Z4AGA5KXMN4Z962AVU9","A2CK4EBWLXYOV1","Approved","Mon Feb 14 08:29:17 PST 2022","Mon Feb 14 08:29:46 PST 2022","Thu Feb 17 08:29:46 PST 2022","Thu Feb 17 08:30:12 PST 2022","","","29","100% (367/367)","100% (23/23)","100% (22/22)","Wiki1k:wikinews:614764:0:1","In relation to complaints about alleged events between 1974 and 1984 involving three females between eight and seventeen years of age , Hall was charged with three counts of indecent assault after being arrested Wednesday .","20","11&24&33","","","[{""another-question"":""add QA"",""answers-1"":""between eight and seventeen"",""answers-2"":""three females"",""discard-question"":""discard question"",""end-1"":""18"",""end-2"":""14"",""member-consist-1"":""member"",""member-consist-2"":""member"",""member-partof-1"":""member"",""member-partof-2"":""member"",""notthe-copular-1"":""age"",""notthe-copular-2"":""age"",""part-consist-1"":""part"",""part-consist-2"":""part"",""part-partof-1"":""part"",""part-partof-2"":""part"",""question-1"":""What/Who is (the) age?"",""question-1-copular-input-the-notthe"":""the age"",""question-1-copular-input-what-who"":""What"",""question-2"":""Whose age?"",""remove-button"":""remove answer"",""start-1"":""15"",""start-2"":""13"",""the-copular-1"":""the age"",""the-copular-2"":""the age"",""what-consist-1"":""What"",""what-consist-2"":""What"",""what-copular-1"":""What"",""what-copular-2"":""What"",""who-consist-1"":""Who"",""who-consist-2"":""Who"",""who-copular-1"":""Who"",""who-copular-2"":""Who""}]"
"31YWE12TE0DMO4BF2P0SDENUKYGX79","3AHTORI2CVY36KQA8QSKO64FAYKHX8","Ask and answer questions about nouns","Ask and answer questions about nouns","noun","$0.05","Sun Feb 13 00:57:21 PST 2022","3","BatchId:347806;OriginalHitTemplateId:921587278;","18000","259200","Tue Mar 15 01:57:21 PDT 2022","","","379J5II41OHFJ97U1GGBWDF4TGLELZ","AZC7J87AH18DW","Approved","Tue Feb 15 03:37:53 PST 2022","Tue Feb 15 03:41:33 PST 2022","Fri Feb 18 03:41:33 PST 2022","Fri Feb 18 03:41:44 PST 2022","","","220","100% (1122/1122)","100% (211/211)","100% (185/185)","Wiki1k:wikinews:614764:0:1","In relation to complaints about alleged events between 1974 and 1984 involving three females between eight and seventeen years of age , Hall was charged with three counts of indecent assault after being arrested Wednesday .","20","11&24&33","","","[{""another-question"":""add QA"",""answers-2"":""three females"",""discard-question"":""discard question"",""end-2"":""15"",""member-consist-2"":""member"",""member-partof-2"":""member"",""notthe-copular-2"":""age"",""part-consist-2"":""part"",""part-partof-2"":""part"",""question-2"":""Whose age?"",""remove-button"":""remove answer"",""start-2"":""13"",""the-copular-2"":""the age"",""what-consist-2"":""What"",""what-copular-2"":""What"",""who-consist-2"":""Who"",""who-copular-2"":""Who""}]"
"3DZKABX2ZI60WW1GTR7L5FIN5YZVCX","3AHTORI2CVY36KQA8QSKO64FAYKHX8","Ask and answer questions about nouns","Ask and answer questions about nouns","noun","$0.05","Sun Feb 13 00:57:21 PST 2022","3","BatchId:347806;OriginalHitTemplateId:921587278;","18000","259200","Tue Mar 15 01:57:21 PDT 2022","","","34YB12FSQYPX95L67N7EWTF561QGMK","AZC7J87AH18DW","Approved","Tue Feb 15 03:50:43 PST 2022","Tue Feb 15 03:52:00 PST 2022","Fri Feb 18 03:52:00 PST 2022","Fri Feb 18 03:52:44 PST 2022","","","77","100% (1122/1122)","100% (211/211)","100% (185/185)","Wiki1k:wikinews:614764:0:1","In relation to complaints about alleged events between 1974 and 1984 involving three females between eight and seventeen years of age , Hall was charged with three counts of indecent assault after being arrested Wednesday .","27","11&24&33","","","[{""another-question"":""add QA"",""answers-1"":""three"",""answers-2"":""indecent assault"",""discard-question"":""discard question"",""end-1"":""28"",""end-2"":""32"",""member-consist-1"":""member"",""member-consist-2"":""member"",""member-partof-1"":""member"",""member-partof-2"":""member"",""notthe-copular-1"":""counts"",""notthe-copular-2"":""counts"",""part-consist-1"":""part"",""part-consist-2"":""part"",""part-partof-1"":""part"",""part-partof-2"":""part"",""question-1"":""How much /How many counts?"",""question-2"":""What is the [PROPERTY] of (the) counts?"",""question-2-property-input"":""content"",""remove-button"":""remove answer"",""start-1"":""27"",""start-2"":""30"",""the-copular-1"":""the counts"",""the-copular-2"":""the counts"",""what-consist-1"":""What"",""what-consist-2"":""What"",""what-copular-1"":""What"",""what-copular-2"":""What"",""who-consist-1"":""Who"",""who-consist-2"":""Who"",""who-copular-1"":""Who"",""who-copular-2"":""Who""}]"
"3DZKABX2ZI60WW1GTR7L5FIN5YZVCX","3AHTORI2CVY36KQA8QSKO64FAYKHX8","Ask and answer questions about nouns","Ask and answer questions about nouns","noun","$0.05","Sun Feb 13 00:57:21 PST 2022","3","BatchId:347806;OriginalHitTemplateId:921587278;","18000","259200","Tue Mar 15 01:57:21 PDT 2022","","","3IO1LGZLK9YGRNUW19O9FK1LSJ568T","A2CK4EBWLXYOV1","Approved","Tue Feb 15 23:52:07 PST 2022","Tue Feb 15 23:52:43 PST 2022","Fri Feb 18 23:52:43 PST 2022","Fri Feb 18 23:53:20 PST 2022","","","36","100% (367/367)","100% (23/23)","100% (22/22)","Wiki1k:wikinews:614764:0:1","In relation to complaints about alleged events between 1974 and 1984 involving three females between eight and seventeen years of age , Hall was charged with three counts of indecent assault after being arrested Wednesday .","27","11&24&33","","","[{""another-question"":""add QA"",""answers-1"":""three"",""answers-2"":""of indecent assault"",""discard-question"":""discard question"",""end-1"":""27"",""end-2"":""31"",""member-consist-1"":""member"",""member-consist-2"":""member"",""member-partof-1"":""member"",""member-partof-2"":""member"",""notthe-copular-1"":""counts"",""notthe-copular-2"":""counts"",""part-consist-1"":""part"",""part-consist-2"":""part"",""part-partof-1"":""part"",""part-partof-2"":""part"",""question-1"":""How much /How many counts?"",""question-2"":""What kind of counts?"",""remove-button"":""remove answer"",""start-1"":""27"",""start-2"":""29"",""the-copular-1"":""the counts"",""the-copular-2"":""the counts"",""what-consist-1"":""What"",""what-consist-2"":""What"",""what-copular-1"":""What"",""what-copular-2"":""What"",""who-consist-1"":""Who"",""who-consist-2"":""Who"",""who-copular-1"":""Who"",""who-copular-2"":""Who""}]"
"32K26U12DNPA1O7UTN2WPL05QYBVDX","3AHTORI2CVY36KQA8QSKO64FAYKHX8","Ask and answer questions about nouns","Ask and answer questions about nouns","noun","$0.05","Sun Feb 13 00:57:21 PST 2022","3","BatchId:347806;OriginalHitTemplateId:921587278;","18000","259200","Tue Mar 15 01:57:21 PDT 2022","","","31JLPPHS2UVKFWUUPOF753F1XW03OE","AZC7J87AH18DW","Approved","Tue Feb 15 03:27:01 PST 2022","Tue Feb 15 03:28:18 PST 2022","Fri Feb 18 03:28:18 PST 2022","Fri Feb 18 03:28:44 PST 2022","","","77","100% (1122/1122)","100% (211/211)","100% (185/185)","Wiki1k:wikinews:614764:0:1","In relation to complaints about alleged events between 1974 and 1984 involving three females between eight and seventeen years of age , Hall was charged with three counts of indecent assault after being arrested Wednesday .","29","11&24&33","","","[{""another-question"":""add QA"",""answers-1"":""assault"",""comment-1"":""Not a noun - it's an adjective!"",""discard-question"":""discard question"",""end-1"":""32"",""member-consist-1"":""member"",""member-partof-1"":""member"",""notthe-copular-1"":""indecent"",""part-consist-1"":""part"",""part-partof-1"":""part"",""question-1"":""What/Who is (the) indecent?"",""question-1-copular-input-the-notthe"":""indecent"",""question-1-copular-input-what-who"":""What"",""remove-button"":""remove answer"",""start-1"":""31"",""the-copular-1"":""the indecent"",""what-consist-1"":""What"",""what-copular-1"":""What"",""who-consist-1"":""Who"",""who-copular-1"":""Who""}]"
"32K26U12DNPA1O7UTN2WPL05QYBVDX","3AHTORI2CVY36KQA8QSKO64FAYKHX8","Ask and answer questions about nouns","Ask and answer questions about nouns","noun","$0.05","Sun Feb 13 00:57:21 PST 2022","3","BatchId:347806;OriginalHitTemplateId:921587278;","18000","259200","Tue Mar 15 01:57:21 PDT 2022","","","3DH6GAKTYYQXU35PGIJEBVIIQ24YZP","A2CK4EBWLXYOV1","Approved","Tue Feb 15 23:50:30 PST 2022","Tue Feb 15 23:51:09 PST 2022","Fri Feb 18 23:51:09 PST 2022","Fri Feb 18 23:51:20 PST 2022","","","39","100% (367/367)","100% (23/23)","100% (22/22)","Wiki1k:wikinews:614764:0:1","In relation to complaints about alleged events between 1974 and 1984 involving three females between eight and seventeen years of age , Hall was charged with three counts of indecent assault after being arrested Wednesday .","29","11&24&33","","","[{""another-question"":""add QA""}]"
"3R5OYNIC2CA4DT6VT1TCOXT97WYPTP","3AHTORI2CVY36KQA8QSKO64FAYKHX8","Ask and answer questions about nouns","Ask and answer questions about nouns","noun","$0.05","Sun Feb 13 00:57:21 PST 2022","3","BatchId:347806;OriginalHitTemplateId:921587278;","18000","259200","Tue Mar 15 01:57:21 PDT 2022","","","320DUZ38G7N78XFL4QUMG1NO27VGJG","AZC7J87AH18DW","Approved","Tue Feb 15 03:48:22 PST 2022","Tue Feb 15 03:50:42 PST 2022","Fri Feb 18 03:50:42 PST 2022","Fri Feb 18 03:50:44 PST 2022","","","140","100% (1122/1122)","100% (211/211)","100% (185/185)","Wiki1k:wikinews:614764:0:1","In relation to complaints about alleged events between 1974 and 1984 involving three females between eight and seventeen years of age , Hall was charged with three counts of indecent assault after being arrested Wednesday .","30","11&24&33","","","[{""another-question"":""add QA"",""answers-1"":""indecent"",""answers-2"":""three counts"",""answers-3"":""three females between eight and seventeen years of age"",""answers-4"":""between 1974 and 1984"",""discard-question"":""discard question"",""end-1"":""31"",""end-2"":""29"",""end-3"":""22"",""end-4"":""12"",""member-consist-1"":""member"",""member-consist-2"":""member"",""member-consist-3"":""member"",""member-consist-4"":""member"",""member-partof-1"":""member"",""member-partof-2"":""member"",""member-partof-3"":""member"",""member-partof-4"":""member"",""notthe-copular-1"":""assault"",""notthe-copular-2"":""assault"",""notthe-copular-3"":""assault"",""notthe-copular-4"":""assault"",""part-consist-1"":""part"",""part-consist-2"":""part"",""part-consist-3"":""part"",""part-consist-4"":""part"",""part-partof-1"":""part"",""part-partof-2"":""part"",""part-partof-3"":""part"",""part-partof-4"":""part"",""question-1"":""What kind of assault?"",""question-2"":""How much /How many assault?"",""question-3"":""What is the [PROPERTY] of (the) assault?"",""question-3-property-input"":""victim"",""question-4"":""When is the assault?"",""remove-button"":""remove answer"",""start-1"":""30"",""start-2"":""27"",""start-3"":""13"",""start-4"":""8"",""the-copular-1"":""the assault"",""the-copular-2"":""the assault"",""the-copular-3"":""the assault"",""the-copular-4"":""the assault"",""what-consist-1"":""What"",""what-consist-2"":""What"",""what-consist-3"":""What"",""what-consist-4"":""What"",""what-copular-1"":""What"",""what-copular-2"":""What"",""what-copular-3"":""What"",""what-copular-4"":""What"",""who-consist-1"":""Who"",""who-consist-2"":""Who"",""who-consist-3"":""Who"",""who-consist-4"":""Who"",""who-copular-1"":""Who"",""who-copular-2"":""Who"",""who-copular-3"":""Who"",""who-copular-4"":""Who""}]"
"3R5OYNIC2CA4DT6VT1TCOXT97WYPTP","3AHTORI2CVY36KQA8QSKO64FAYKHX8","Ask and answer questions about nouns","Ask and answer questions about nouns","noun","$0.05","Sun Feb 13 00:57:21 PST 2022","3","BatchId:347806;OriginalHitTemplateId:921587278;","18000","259200","Tue Mar 15 01:57:21 PDT 2022","","","3FFJ6VRIL1PE2IKU86KJJ8L8IBB0IF","A2CK4EBWLXYOV1","Approved","Mon Feb 14 08:24:25 PST 2022","Mon Feb 14 08:26:44 PST 2022","Thu Feb 17 08:26:44 PST 2022","Thu Feb 17 08:27:12 PST 2022","","","139","100% (367/367)","100% (23/23)","100% (22/22)","Wiki1k:wikinews:614764:0:1","In relation to complaints about alleged events between 1974 and 1984 involving three females between eight and seventeen years of age , Hall was charged with three counts of indecent assault after being arrested Wednesday .","30","11&24&33","","","[{""another-question"":""add QA"",""answers-1"":""three"",""answers-2"":""indecent"",""answers-3"":""Hall"",""discard-question"":""discard question"",""end-1"":""27"",""end-2"":""30"",""end-3"":""23"",""member-consist-1"":""member"",""member-consist-2"":""member"",""member-consist-3"":""member"",""member-partof-1"":""member"",""member-partof-2"":""member"",""member-partof-3"":""member"",""notthe-copular-1"":""assault"",""notthe-copular-2"":""assault"",""notthe-copular-3"":""assault"",""part-consist-1"":""part"",""part-consist-2"":""part"",""part-consist-3"":""part"",""part-partof-1"":""part"",""part-partof-2"":""part"",""part-partof-3"":""part"",""question-1"":""How much /How many assault?"",""question-2"":""What kind of assault?"",""question-3"":""Whose assault?"",""remove-button"":""remove answer"",""start-1"":""27"",""start-2"":""30"",""start-3"":""23"",""the-copular-1"":""the assault"",""the-copular-2"":""the assault"",""the-copular-3"":""the assault"",""what-consist-1"":""What"",""what-consist-2"":""What"",""what-consist-3"":""What"",""what-copular-1"":""What"",""what-copular-2"":""What"",""what-copular-3"":""What"",""who-consist-1"":""Who"",""who-consist-2"":""Who"",""who-consist-3"":""Who"",""who-copular-1"":""Who"",""who-copular-2"":""Who"",""who-copular-3"":""Who""}]"
"33K3E8REWWWQOIGYCUSYREJPVIMX8W","3AHTORI2CVY36KQA8QSKO64FAYKHX8","Ask and answer questions about nouns","Ask and answer questions about nouns","noun","$0.05","Sun Feb 13 00:57:21 PST 2022","3","BatchId:347806;OriginalHitTemplateId:921587278;","18000","259200","Tue Mar 15 01:57:21 PDT 2022","","","3MYYFCXHJ38H5FW01J7IAZY5KBC4GM","A2CK4EBWLXYOV1","Approved","Tue Feb 15 23:49:03 PST 2022","Tue Feb 15 23:49:24 PST 2022","Fri Feb 18 23:49:24 PST 2022","Fri Feb 18 23:50:20 PST 2022","","","21","100% (367/367)","100% (23/23)","100% (22/22)","Wiki1k:wikipedia:10406:28:0","Jenny cognitively assesses the snake in her presence .","4","2","","","[{""another-question"":""add QA""}]"
"33K3E8REWWWQOIGYCUSYREJPVIMX8W","3AHTORI2CVY36KQA8QSKO64FAYKHX8","Ask and answer questions about nouns","Ask and answer questions about nouns","noun","$0.05","Sun Feb 13 00:57:21 PST 2022","3","BatchId:347806;OriginalHitTemplateId:921587278;","18000","259200","Tue Mar 15 01:57:21 PDT 2022","","","3PXX5PX6LXZ0GN46UYPVMRT8W79BAE","AZC7J87AH18DW","Approved","Tue Feb 15 03:28:19 PST 2022","Tue Feb 15 03:29:15 PST 2022","Fri Feb 18 03:29:15 PST 2022","Fri Feb 18 03:29:44 PST 2022","","","56","100% (1122/1122)","100% (211/211)","100% (185/185)","Wiki1k:wikipedia:10406:28:0","Jenny cognitively assesses the snake in her presence .","4","2","","","[{""another-question"":""add QA""}]"
"3O71U79SRBQXDQW3CLWUXO3S089SM7","3AHTORI2CVY36KQA8QSKO64FAYKHX8","Ask and answer questions about nouns","Ask and answer questions about nouns","noun","$0.05","Sun Feb 13 00:57:34 PST 2022","3","BatchId:347806;OriginalHitTemplateId:921587278;","18000","259200","Tue Mar 15 01:57:34 PDT 2022","","","352YTHGROVEV5BRBLPP0VZA6ZBP4HL","A2CK4EBWLXYOV1","Approved","Tue Feb 15 23:50:07 PST 2022","Tue Feb 15 23:50:27 PST 2022","Fri Feb 18 23:50:27 PST 2022","Fri Feb 18 23:51:20 PST 2022","","","20","100% (367/367)","100% (23/23)","100% (22/22)","Wiki1k:wikipedia:10406:28:0","Jenny cognitively assesses the snake in her presence .","7","2","","","[{""another-question"":""add QA"",""answers-1"":""Jenny"",""discard-question"":""discard question"",""end-1"":""1"",""member-consist-1"":""member"",""member-partof-1"":""member"",""notthe-copular-1"":""presence"",""part-consist-1"":""part"",""part-partof-1"":""part"",""question-1"":""Whose presence?"",""remove-button"":""remove answer"",""start-1"":""1"",""the-copular-1"":""the presence"",""what-consist-1"":""What"",""what-copular-1"":""What"",""who-consist-1"":""Who"",""who-copular-1"":""Who""}]"
"3O71U79SRBQXDQW3CLWUXO3S089SM7","3AHTORI2CVY36KQA8QSKO64FAYKHX8","Ask and answer questions about nouns","Ask and answer questions about nouns","noun","$0.05","Sun Feb 13 00:57:34 PST 2022","3","BatchId:347806;OriginalHitTemplateId:921587278;","18000","259200","Tue Mar 15 01:57:34 PDT 2022","","","3IOEN3P9S7KYGNAB2OFU0AEDECS610","AZC7J87AH18DW","Approved","Tue Feb 15 03:33:50 PST 2022","Tue Feb 15 03:34:33 PST 2022","Fri Feb 18 03:34:33 PST 2022","Fri Feb 18 03:34:44 PST 2022","","","43","100% (1122/1122)","100% (211/211)","100% (185/185)","Wiki1k:wikipedia:10406:28:0","Jenny cognitively assesses the snake in her presence .","7","2","","","[{""another-question"":""add QA"",""answers-1"":""Jenny"",""discard-question"":""discard question"",""end-1"":""1"",""member-consist-1"":""member"",""member-partof-1"":""member"",""notthe-copular-1"":""presence"",""part-consist-1"":""part"",""part-partof-1"":""part"",""question-1"":""Whose presence?"",""remove-button"":""remove answer"",""start-1"":""1"",""the-copular-1"":""the presence"",""what-consist-1"":""What"",""what-copular-1"":""What"",""who-consist-1"":""Who"",""who-copular-1"":""Who""}]"
"3PR3LXCWSF0Q2NZ8HMYCRAE0FO4X9L","3AHTORI2CVY36KQA8QSKO64FAYKHX8","Ask and answer questions about nouns","Ask and answer questions about nouns","noun","$0.05","Sun Feb 13 00:57:34 PST 2022","3","BatchId:347806;OriginalHitTemplateId:921587278;","18000","259200","Tue Mar 15 01:57:34 PDT 2022","","","3PW9OPU9PQLAYMRAFM3RAXX1Y7Q21F","AZC7J87AH18DW","Approved","Tue Feb 15 03:36:29 PST 2022","Tue Feb 15 03:36:40 PST 2022","Fri Feb 18 03:36:40 PST 2022","Fri Feb 18 03:36:44 PST 2022","","","11","100% (1122/1122)","100% (211/211)","100% (185/185)","Wiki1k:wikipedia:16016:33:6","They do not prepare food and live only on what people offer them .","4","3&6&11","","","[{""another-question"":""add QA""}]"
"3PR3LXCWSF0Q2NZ8HMYCRAE0FO4X9L","3AHTORI2CVY36KQA8QSKO64FAYKHX8","Ask and answer questions about nouns","Ask and answer questions about nouns","noun","$0.05","Sun Feb 13 00:57:34 PST 2022","3","BatchId:347806;OriginalHitTemplateId:921587278;","18000","259200","Tue Mar 15 01:57:34 PDT 2022","","","3SNLUL3WO4OW854GRGVG0V17F5LUL4","A2CK4EBWLXYOV1","Approved","Tue Feb 15 23:41:42 PST 2022","Tue Feb 15 23:41:58 PST 2022","Fri Feb 18 23:41:58 PST 2022","Fri Feb 18 23:42:20 PST 2022","","","16","100% (367/367)","100% (23/23)","100% (22/22)","Wiki1k:wikipedia:16016:33:6","They do not prepare food and live only on what people offer them .","4","3&6&11","","","[{""another-question"":""add QA""}]"
"3KG2UQJ0MJPRIS2QWIMPF3DRNAYNQD","3AHTORI2CVY36KQA8QSKO64FAYKHX8","Ask and answer questions about nouns","Ask and answer questions about nouns","noun","$0.05","Sun Feb 13 00:57:34 PST 2022","3","BatchId:347806;OriginalHitTemplateId:921587278;","18000","259200","Tue Mar 15 01:57:34 PDT 2022","","","32SVAV9L3FAVDS0TF5AP48VW8FQ3A9","A2CK4EBWLXYOV1","Approved","Mon Feb 14 08:19:42 PST 2022","Mon Feb 14 08:19:46 PST 2022","Thu Feb 17 08:19:46 PST 2022","Thu Feb 17 08:20:12 PST 2022","","","4","100% (367/367)","100% (23/23)","100% (22/22)","Wiki1k:wikipedia:16016:33:6","They do not prepare food and live only on what people offer them .","10","3&6&11","","","[{""another-question"":""add QA""}]"
"3KG2UQJ0MJPRIS2QWIMPF3DRNAYNQD","3AHTORI2CVY36KQA8QSKO64FAYKHX8","Ask and answer questions about nouns","Ask and answer questions about nouns","noun","$0.05","Sun Feb 13 00:57:34 PST 2022","3","BatchId:347806;OriginalHitTemplateId:921587278;","18000","259200","Tue Mar 15 01:57:34 PDT 2022","","","3S96KQ6I9M5YAG1ZEU7ICM70NH5TDN","AZC7J87AH18DW","Approved","Tue Feb 15 03:05:50 PST 2022","Tue Feb 15 03:06:06 PST 2022","Fri Feb 18 03:06:06 PST 2022","Fri Feb 18 03:06:44 PST 2022","","","16","100% (1122/1122)","100% (211/211)","100% (185/185)","Wiki1k:wikipedia:16016:33:6","They do not prepare food and live only on what people offer them .","10","3&6&11","","","[{""another-question"":""add QA""}]"
"3MWOYZD5WVPOXGPAH5ULQYIR89GNO5","3AHTORI2CVY36KQA8QSKO64FAYKHX8","Ask and answer questions about nouns","Ask and answer questions about nouns","noun","$0.05","Sun Feb 13 00:57:25 PST 2022","3","BatchId:347806;OriginalHitTemplateId:921587278;","18000","259200","Tue Mar 15 01:57:25 PDT 2022","","","3SKRO2GZ71S5F2V04S9VATJVF8J1K9","A2CK4EBWLXYOV1","Approved","Tue Feb 15 23:52:50 PST 2022","Tue Feb 15 23:53:13 PST 2022","Fri Feb 18 23:53:13 PST 2022","Fri Feb 18 23:53:20 PST 2022","","","23","100% (367/367)","100% (23/23)","100% (22/22)","Wiki1k:wikinews:1823406:7:0","`` I hope I can get information soon on the whereabouts of our family members , '' one weeping woman at Juanda told Antara .","6","2&5&18&22","","","[{""another-question"":""add QA"",""answers-1"":""on the whereabouts of our family members"",""discard-question"":""discard question"",""end-1"":""15"",""member-consist-1"":""member"",""member-partof-1"":""member"",""notthe-copular-1"":""information"",""part-consist-1"":""part"",""part-partof-1"":""part"",""question-1"":""What is the [PROPERTY] of (the) information?"",""question-1-property-input"":""content"",""remove-button"":""remove answer"",""start-1"":""9"",""the-copular-1"":""the information"",""what-consist-1"":""What"",""what-copular-1"":""What"",""who-consist-1"":""Who"",""who-copular-1"":""Who""}]"
"3MWOYZD5WVPOXGPAH5ULQYIR89GNO5","3AHTORI2CVY36KQA8QSKO64FAYKHX8","Ask and answer questions about nouns","Ask and answer questions about nouns","noun","$0.05","Sun Feb 13 00:57:25 PST 2022","3","BatchId:347806;OriginalHitTemplateId:921587278;","18000","259200","Tue Mar 15 01:57:25 PDT 2022","","","3VNXK88KKCJ1KIS7792VR8CVTH79V3","AZC7J87AH18DW","Approved","Tue Feb 15 03:46:28 PST 2022","Tue Feb 15 03:48:21 PST 2022","Fri Feb 18 03:48:21 PST 2022","Fri Feb 18 03:48:44 PST 2022","","","113","100% (1122/1122)","100% (211/211)","100% (185/185)","Wiki1k:wikinews:1823406:7:0","`` I hope I can get information soon on the whereabouts of our family members , '' one weeping woman at Juanda told Antara .","6","2&5&18&22","","","[{""another-question"":""add QA"",""answers-2"":""the whereabouts of our family members"",""discard-question"":""discard question"",""end-2"":""16"",""member-consist-2"":""member"",""member-partof-2"":""member"",""notthe-copular-2"":""information"",""part-consist-2"":""part"",""part-partof-2"":""part"",""question-2"":""What is the [PROPERTY] of (the) information?"",""question-2-property-input"":""content"",""remove-button"":""remove answer"",""start-2"":""10"",""the-copular-2"":""the information"",""what-consist-2"":""What"",""what-copular-2"":""What"",""who-consist-2"":""Who"",""who-copular-2"":""Who""}]"
"30EMX9PEVKK2N2W0R9JEIBBOB3ESK2","3AHTORI2CVY36KQA8QSKO64FAYKHX8","Ask and answer questions about nouns","Ask and answer questions about nouns","noun","$0.05","Sun Feb 13 00:57:25 PST 2022","3","BatchId:347806;OriginalHitTemplateId:921587278;","18000","259200","Tue Mar 15 01:57:25 PDT 2022","","","3E13VNJ1NNWE975C4POJXD4IN4U1IY","A2CK4EBWLXYOV1","Approved","Tue Feb 15 23:51:12 PST 2022","Tue Feb 15 23:51:33 PST 2022","Fri Feb 18 23:51:33 PST 2022","Fri Feb 18 23:52:20 PST 2022","","","21","100% (367/367)","100% (23/23)","100% (22/22)","Wiki1k:wikinews:1823406:7:0","`` I hope I can get information soon on the whereabouts of our family members , '' one weeping woman at Juanda told Antara .","10","2&5&18&22","","","[{""another-question"":""add QA"",""answers-1"":""our family members"",""discard-question"":""discard question"",""end-1"":""15"",""member-consist-1"":""member"",""member-partof-1"":""member"",""notthe-copular-1"":""whereabouts"",""part-consist-1"":""part"",""part-partof-1"":""part"",""question-1"":""Whose whereabouts?"",""remove-button"":""remove answer"",""start-1"":""13"",""the-copular-1"":""the whereabouts"",""what-consist-1"":""What"",""what-copular-1"":""What"",""who-consist-1"":""Who"",""who-copular-1"":""Who""}]"
"30EMX9PEVKK2N2W0R9JEIBBOB3ESK2","3AHTORI2CVY36KQA8QSKO64FAYKHX8","Ask and answer questions about nouns","Ask and answer questions about nouns","noun","$0.05","Sun Feb 13 00:57:25 PST 2022","3","BatchId:347806;OriginalHitTemplateId:921587278;","18000","259200","Tue Mar 15 01:57:25 PDT 2022","","","3JWH6J9I9SE706YV32U08XD8VE8BNY","AZC7J87AH18DW","Approved","Tue Feb 15 03:32:38 PST 2022","Tue Feb 15 03:32:56 PST 2022","Fri Feb 18 03:32:56 PST 2022","Fri Feb 18 03:33:44 PST 2022","","","18","100% (1122/1122)","100% (211/211)","100% (185/185)","Wiki1k:wikinews:1823406:7:0","`` I hope I can get information soon on the whereabouts of our family members , '' one weeping woman at Juanda told Antara .","10","2&5&18&22","","","[{""another-question"":""add QA"",""answers-1"":""our family members"",""discard-question"":""discard question"",""end-1"":""16"",""member-consist-1"":""member"",""member-partof-1"":""member"",""notthe-copular-1"":""whereabouts"",""part-consist-1"":""part"",""part-partof-1"":""part"",""question-1"":""Whose whereabouts?"",""remove-button"":""remove answer"",""start-1"":""13"",""the-copular-1"":""the whereabouts"",""what-consist-1"":""What"",""what-copular-1"":""What"",""who-consist-1"":""Who"",""who-copular-1"":""Who""}]"
"3E22YV8GG176IG1BW570FYNHIECNPM","3AHTORI2CVY36KQA8QSKO64FAYKHX8","Ask and answer questions about nouns","Ask and answer questions about nouns","noun","$0.05","Sun Feb 13 00:57:25 PST 2022","3","BatchId:347806;OriginalHitTemplateId:921587278;","18000","259200","Tue Mar 15 01:57:25 PDT 2022","","","3AMYWKA6YBNJCFHC8QD5C6RL7N26ON","AZC7J87AH18DW","Approved","Tue Feb 15 03:44:07 PST 2022","Tue Feb 15 03:46:27 PST 2022","Fri Feb 18 03:46:27 PST 2022","Fri Feb 18 03:46:44 PST 2022","","","140","100% (1122/1122)","100% (211/211)","100% (185/185)","Wiki1k:wikinews:1823406:7:0","`` I hope I can get information soon on the whereabouts of our family members , '' one weeping woman at Juanda told Antara .","13","2&5&18&22","","","[{""another-question"":""add QA"",""answers-1"":""our"",""answers-2"":""one weeping woman at Juanda"",""discard-question"":""discard question"",""end-1"":""13"",""end-2"":""23"",""member-consist-1"":""member"",""member-consist-2"":""member"",""member-partof-1"":""member"",""member-partof-2"":""member"",""notthe-copular-1"":""family"",""notthe-copular-2"":""family"",""part-consist-1"":""part"",""part-consist-2"":""part"",""part-partof-1"":""part"",""part-partof-2"":""part"",""question-1"":""Whose family?"",""question-2"":""Whose family?"",""remove-button"":""remove answer"",""start-1"":""13"",""start-2"":""18"",""the-copular-1"":""the family"",""the-copular-2"":""the family"",""what-consist-1"":""What"",""what-consist-2"":""What"",""what-copular-1"":""What"",""what-copular-2"":""What"",""who-consist-1"":""Who"",""who-consist-2"":""Who"",""who-copular-1"":""Who"",""who-copular-2"":""Who""}]"
"3E22YV8GG176IG1BW570FYNHIECNPM","3AHTORI2CVY36KQA8QSKO64FAYKHX8","Ask and answer questions about nouns","Ask and answer questions about nouns","noun","$0.05","Sun Feb 13 00:57:25 PST 2022","3","BatchId:347806;OriginalHitTemplateId:921587278;","18000","259200","Tue Mar 15 01:57:25 PDT 2022","","","3RSDURM96ANZJ8ETKV51QLH02WVYEJ","A2CK4EBWLXYOV1","Approved","Tue Feb 15 23:40:03 PST 2022","Tue Feb 15 23:40:46 PST 2022","Fri Feb 18 23:40:46 PST 2022","Fri Feb 18 23:41:20 PST 2022","","","43","100% (367/367)","100% (23/23)","100% (22/22)","Wiki1k:wikinews:1823406:7:0","`` I hope I can get information soon on the whereabouts of our family members , '' one weeping woman at Juanda told Antara .","13","2&5&18&22","","","[{""another-question"":""add QA"",""answers-1"":""woman"",""discard-question"":""discard question"",""end-1"":""20"",""member-consist-1"":""member"",""member-partof-1"":""member"",""notthe-copular-1"":""family"",""part-consist-1"":""part"",""part-partof-1"":""part"",""question-1"":""Whose family?"",""remove-button"":""remove answer"",""start-1"":""20"",""the-copular-1"":""the family"",""what-consist-1"":""What"",""what-copular-1"":""What"",""who-consist-1"":""Who"",""who-copular-1"":""Who""}]"
"3MG8450X2OBJD6LKT6JMTTFBQA5PUG","3AHTORI2CVY36KQA8QSKO64FAYKHX8","Ask and answer questions about nouns","Ask and answer questions about nouns","noun","$0.05","Sun Feb 13 00:57:25 PST 2022","3","BatchId:347806;OriginalHitTemplateId:921587278;","18000","259200","Tue Mar 15 01:57:25 PDT 2022","","","33F859I566EFQACK04ZN3DGC92ZBHP","AZC7J87AH18DW","Approved","Tue Feb 15 03:31:05 PST 2022","Tue Feb 15 03:32:38 PST 2022","Fri Feb 18 03:32:38 PST 2022","Fri Feb 18 03:32:44 PST 2022","","","93","100% (1122/1122)","100% (211/211)","100% (185/185)","Wiki1k:wikinews:1823406:7:0","`` I hope I can get information soon on the whereabouts of our family members , '' one weeping woman at Juanda told Antara .","14","2&5&18&22","","","[{""another-question"":""add QA"",""answers-1"":""our family"",""discard-question"":""discard question"",""end-1"":""15"",""member-consist-1"":""member"",""member-partof-1"":""member"",""notthe-copular-1"":""members"",""part-consist-1"":""part"",""part-partof-1"":""part"",""question-1"":""What is the members a part/member of?"",""question-1-partof-input-part-member"":""member"",""remove-button"":""remove answer"",""start-1"":""13"",""the-copular-1"":""the members"",""what-consist-1"":""What"",""what-copular-1"":""What"",""who-consist-1"":""Who"",""who-copular-1"":""Who""}]"
"3MG8450X2OBJD6LKT6JMTTFBQA5PUG","3AHTORI2CVY36KQA8QSKO64FAYKHX8","Ask and answer questions about nouns","Ask and answer questions about nouns","noun","$0.05","Sun Feb 13 00:57:25 PST 2022","3","BatchId:347806;OriginalHitTemplateId:921587278;","18000","259200","Tue Mar 15 01:57:25 PDT 2022","","","3QBD8R3Z21K5XSDYP2KQF877BX34O9","A2CK4EBWLXYOV1","Approved","Tue Feb 15 23:53:27 PST 2022","Tue Feb 15 23:54:16 PST 2022","Fri Feb 18 23:54:16 PST 2022","Fri Feb 18 23:54:20 PST 2022","","","49","100% (367/367)","100% (23/23)","100% (22/22)","Wiki1k:wikinews:1823406:7:0","`` I hope I can get information soon on the whereabouts of our family members , '' one weeping woman at Juanda told Antara .","14","2&5&18&22","","","[{""another-question"":""add QA"",""answers-1"":""family members"",""answers-2"":""woman"",""discard-question"":""discard question"",""end-1"":""15"",""end-2"":""20"",""member-consist-1"":""member"",""member-consist-2"":""member"",""member-partof-1"":""member"",""member-partof-2"":""member"",""notthe-copular-1"":""members"",""notthe-copular-2"":""members"",""part-consist-1"":""part"",""part-consist-2"":""part"",""part-partof-1"":""part"",""part-partof-2"":""part"",""question-1"":""What kind of members?"",""question-2"":""Whose members?"",""remove-button"":""remove answer"",""start-1"":""14"",""start-2"":""20"",""the-copular-1"":""the members"",""the-copular-2"":""the members"",""what-consist-1"":""What"",""what-consist-2"":""What"",""what-copular-1"":""What"",""what-copular-2"":""What"",""who-consist-1"":""Who"",""who-consist-2"":""Who"",""who-copular-1"":""Who"",""who-copular-2"":""Who""}]"
"3WRAAIUSBJ04769D9SCCN5PKL6MXA0","3AHTORI2CVY36KQA8QSKO64FAYKHX8","Ask and answer questions about nouns","Ask and answer questions about nouns","noun","$0.05","Sun Feb 13 00:57:34 PST 2022","3","BatchId:347806;OriginalHitTemplateId:921587278;","18000","259200","Tue Mar 15 01:57:34 PDT 2022","","","3PB5A5BD0V7EO2EJ3H5PDBIFBCP7GU","A2CK4EBWLXYOV1","Approved","Mon Feb 14 08:30:18 PST 2022","Mon Feb 14 08:30:43 PST 2022","Thu Feb 17 08:30:43 PST 2022","Thu Feb 17 08:31:12 PST 2022","","","25","100% (367/367)","100% (23/23)","100% (22/22)","Wiki1k:wikinews:1823406:7:0","`` I hope I can get information soon on the whereabouts of our family members , '' one weeping woman at Juanda told Antara .","19","2&5&18&22","","","[{""another-question"":""add QA"",""answers-1"":""Juanda"",""discard-question"":""discard question"",""end-1"":""22"",""member-consist-1"":""member"",""member-partof-1"":""member"",""notthe-copular-1"":""woman"",""part-consist-1"":""part"",""part-partof-1"":""part"",""question-1"":""Where is the woman?"",""remove-button"":""remove answer"",""start-1"":""22"",""the-copular-1"":""the woman"",""what-consist-1"":""What"",""what-copular-1"":""What"",""who-consist-1"":""Who"",""who-copular-1"":""Who""}]"
"3WRAAIUSBJ04769D9SCCN5PKL6MXA0","3AHTORI2CVY36KQA8QSKO64FAYKHX8","Ask and answer questions about nouns","Ask and answer questions about nouns","noun","$0.05","Sun Feb 13 00:57:34 PST 2022","3","BatchId:347806;OriginalHitTemplateId:921587278;","18000","259200","Tue Mar 15 01:57:34 PDT 2022","","","3W8CV64QJ20W2HXN2KLRC7LML2W9HD","AZC7J87AH18DW","Approved","Tue Feb 15 03:41:33 PST 2022","Tue Feb 15 03:44:06 PST 2022","Fri Feb 18 03:44:06 PST 2022","Fri Feb 18 03:44:44 PST 2022","","","153","100% (1122/1122)","100% (211/211)","100% (185/185)","Wiki1k:wikinews:1823406:7:0","`` I hope I can get information soon on the whereabouts of our family members , '' one weeping woman at Juanda told Antara .","19","2&5&18&22","","","[{""another-question"":""add QA"",""answers-1"":""one"",""answers-2"":""at Juanda"",""discard-question"":""discard question"",""end-1"":""18"",""end-2"":""23"",""member-consist-1"":""member"",""member-consist-2"":""member"",""member-partof-1"":""member"",""member-partof-2"":""member"",""notthe-copular-1"":""woman"",""notthe-copular-2"":""woman"",""part-consist-1"":""part"",""part-consist-2"":""part"",""part-partof-1"":""part"",""part-partof-2"":""part"",""question-1"":""How much /How many woman?"",""question-2"":""Where is the woman?"",""remove-button"":""remove answer"",""start-1"":""18"",""start-2"":""21"",""the-copular-1"":""the woman"",""the-copular-2"":""the woman"",""what-consist-1"":""What"",""what-consist-2"":""What"",""what-copular-1"":""What"",""what-copular-2"":""What"",""who-consist-1"":""Who"",""who-consist-2"":""Who"",""who-copular-1"":""Who"",""who-copular-2"":""Who""}]"
"35XW21VSVGFD78EIC9VFXBO303JSL5","3AHTORI2CVY36KQA8QSKO64FAYKHX8","Ask and answer questions about nouns","Ask and answer questions about nouns","noun","$0.05","Sun Feb 13 00:57:25 PST 2022","3","BatchId:347806;OriginalHitTemplateId:921587278;","18000","259200","Tue Mar 15 01:57:25 PDT 2022","","","3OUYGIZWR7Z6J47YL1A3S5MK4P60PR","A2CK4EBWLXYOV1","Approved","Mon Feb 14 08:31:36 PST 2022","Mon Feb 14 08:32:23 PST 2022","Thu Feb 17 08:32:23 PST 2022","Thu Feb 17 08:33:12 PST 2022","","","47","100% (367/367)","100% (23/23)","100% (22/22)","Wiki1k:wikinews:523166:1:2","Australia had a loss to Canada 50 -- 57 , but bounced back to win against the Netherlands , 58 -- 49 .","3","1&11&14","","","[{""another-question"":""add QA"",""answers-1"":""Australia"",""answers-2"":""50 -- 57"",""discard-question"":""discard question"",""end-1"":""1"",""end-2"":""9"",""member-consist-1"":""member"",""member-consist-2"":""member"",""member-partof-1"":""member"",""member-partof-2"":""member"",""notthe-copular-1"":""loss"",""notthe-copular-2"":""loss"",""part-consist-1"":""part"",""part-consist-2"":""part"",""part-partof-1"":""part"",""part-partof-2"":""part"",""question-1"":""Whose loss?"",""question-2"":""What/Who is (the) loss?"",""question-2-copular-input-the-notthe"":""the loss"",""question-2-copular-input-what-who"":""What"",""remove-button"":""remove answer"",""start-1"":""1"",""start-2"":""7"",""the-copular-1"":""the loss"",""the-copular-2"":""the loss"",""what-consist-1"":""What"",""what-consist-2"":""What"",""what-copular-1"":""What"",""what-copular-2"":""What"",""who-consist-1"":""Who"",""who-consist-2"":""Who"",""who-copular-1"":""Who"",""who-copular-2"":""Who""}]"
"35XW21VSVGFD78EIC9VFXBO303JSL5","3AHTORI2CVY36KQA8QSKO64FAYKHX8","Ask and answer questions about nouns","Ask and answer questions about nouns","noun","$0.05","Sun Feb 13 00:57:25 PST 2022","3","BatchId:347806;OriginalHitTemplateId:921587278;","18000","259200","Tue Mar 15 01:57:25 PDT 2022","","","3VBEN272MK0070YBRK3082EBYQ7SG7","AZC7J87AH18DW","Approved","Tue Feb 15 02:49:07 PST 2022","Tue Feb 15 03:02:25 PST 2022","Fri Feb 18 03:02:25 PST 2022","Fri Feb 18 03:02:44 PST 2022","","","798","100% (1122/1122)","100% (211/211)","100% (185/185)","Wiki1k:wikinews:523166:1:2","Australia had a loss to Canada 50 -- 57 , but bounced back to win against the Netherlands , 58 -- 49 .","3","1&11&14","","","[{""another-question"":""add QA"",""answers-1"":""Australia"",""answers-2"":""50 -- 57"",""answers-3"":""Canada"",""discard-question"":""discard question"",""end-1"":""1"",""end-2"":""10"",""end-3"":""7"",""member-consist-1"":""member"",""member-consist-2"":""member"",""member-consist-3"":""member"",""member-partof-1"":""member"",""member-partof-2"":""member"",""member-partof-3"":""member"",""notthe-copular-1"":""loss"",""notthe-copular-2"":""loss"",""notthe-copular-3"":""loss"",""part-consist-1"":""part"",""part-consist-2"":""part"",""part-consist-3"":""part"",""part-partof-1"":""part"",""part-partof-2"":""part"",""part-partof-3"":""part"",""question-1"":""Whose loss?"",""question-2"":""How much /How many loss?"",""question-3"":""What is the [PROPERTY] of (the) loss?"",""question-3-property-input"":""counterpart"",""remove-button"":""remove answer"",""start-1"":""1"",""start-2"":""7"",""start-3"":""6"",""the-copular-1"":""the loss"",""the-copular-2"":""the loss"",""the-copular-3"":""the loss"",""what-consist-1"":""What"",""what-consist-2"":""What"",""what-consist-3"":""What"",""what-copular-1"":""What"",""what-copular-2"":""What"",""what-copular-3"":""What"",""who-consist-1"":""Who"",""who-consist-2"":""Who"",""who-consist-3"":""Who"",""who-copular-1"":""Who"",""who-copular-2"":""Who"",""who-copular-3"":""Who""}]"
"3N2YPY1GI6ZFTULUPIDGV3IQQACVEQ","3AHTORI2CVY36KQA8QSKO64FAYKHX8","Ask and answer questions about nouns","Ask and answer questions about nouns","noun","$0.05","Sun Feb 13 00:57:25 PST 2022","3","BatchId:347806;OriginalHitTemplateId:921587278;","18000","259200","Tue Mar 15 01:57:25 PDT 2022","","","30LB5CDZNCB0X8948A85J3OYEPPZ0P","A2CK4EBWLXYOV1","Approved","Tue Feb 15 23:51:45 PST 2022","Tue Feb 15 23:52:00 PST 2022","Fri Feb 18 23:52:00 PST 2022","Fri Feb 18 23:52:20 PST 2022","","","15","100% (367/367)","100% (23/23)","100% (22/22)","Wiki1k:wikipedia:26964606:106:0","The first Austrian film director to receive an Academy Award was Stefan Ruzowitzky .","3","6","","","[{""another-question"":""add QA""}]"
"3N2YPY1GI6ZFTULUPIDGV3IQQACVEQ","3AHTORI2CVY36KQA8QSKO64FAYKHX8","Ask and answer questions about nouns","Ask and answer questions about nouns","noun","$0.05","Sun Feb 13 00:57:25 PST 2022","3","BatchId:347806;OriginalHitTemplateId:921587278;","18000","259200","Tue Mar 15 01:57:25 PDT 2022","","","3YGXWBAF70I4O3GVZXBZK8DQMID4C3","AZC7J87AH18DW","Approved","Tue Feb 15 03:32:57 PST 2022","Tue Feb 15 03:33:50 PST 2022","Fri Feb 18 03:33:50 PST 2022","Fri Feb 18 03:34:44 PST 2022","","","53","100% (1122/1122)","100% (211/211)","100% (185/185)","Wiki1k:wikipedia:26964606:106:0","The first Austrian film director to receive an Academy Award was Stefan Ruzowitzky .","3","6","","","[{""another-question"":""add QA""}]"
"35YHTYFL1G47Z8LQKTXMDL3Q2BRVF8","3AHTORI2CVY36KQA8QSKO64FAYKHX8","Ask and answer questions about nouns","Ask and answer questions about nouns","noun","$0.05","Sun Feb 13 00:57:25 PST 2022","3","BatchId:347806;OriginalHitTemplateId:921587278;","18000","259200","Tue Mar 15 01:57:25 PDT 2022","","","3B1NLC6UGZX3U8IJZ3Z6DX90B61GPG","AZC7J87AH18DW","Approved","Tue Feb 15 03:52:00 PST 2022","Tue Feb 15 03:55:28 PST 2022","Fri Feb 18 03:55:28 PST 2022","Fri Feb 18 03:55:44 PST 2022","","","208","100% (1122/1122)","100% (211/211)","100% (185/185)","Wiki1k:wikipedia:26964606:106:0","The first Austrian film director to receive an Academy Award was Stefan Ruzowitzky .","4","6","","","[{""another-question"":""add QA"",""answers-1"":""Stefan Ruzowitzky"",""answers-2"":""Austrian"",""answers-3"":""film director"",""discard-question"":""discard question"",""end-1"":""14"",""end-2"":""4"",""end-3"":""6"",""member-consist-1"":""member"",""member-consist-2"":""member"",""member-consist-3"":""member"",""member-partof-1"":""member"",""member-partof-2"":""member"",""member-partof-3"":""member"",""notthe-copular-1"":""director"",""notthe-copular-2"":""director"",""notthe-copular-3"":""director"",""part-consist-1"":""part"",""part-consist-2"":""part"",""part-consist-3"":""part"",""part-partof-1"":""part"",""part-partof-2"":""part"",""part-partof-3"":""part"",""question-1"":""What/Who is (the) director?"",""question-1-copular-input-the-notthe"":""the director"",""question-1-copular-input-what-who"":""Who"",""question-2"":""What is the [PROPERTY] of (the) director?"",""question-2-property-input"":""nationality"",""question-3"":""What is the [PROPERTY] of (the) director?"",""question-3-property-input"":""domain"",""remove-button"":""remove answer"",""start-1"":""12"",""start-2"":""3"",""start-3"":""4"",""the-copular-1"":""the director"",""the-copular-2"":""the director"",""the-copular-3"":""the director"",""what-consist-1"":""What"",""what-consist-2"":""What"",""what-consist-3"":""What"",""what-copular-1"":""What"",""what-copular-2"":""What"",""what-copular-3"":""What"",""who-consist-1"":""Who"",""who-consist-2"":""Who"",""who-consist-3"":""Who"",""who-copular-1"":""Who"",""who-copular-2"":""Who"",""who-copular-3"":""Who""}]"
"35YHTYFL1G47Z8LQKTXMDL3Q2BRVF8","3AHTORI2CVY36KQA8QSKO64FAYKHX8","Ask and answer questions about nouns","Ask and answer questions about nouns","noun","$0.05","Sun Feb 13 00:57:25 PST 2022","3","BatchId:347806;OriginalHitTemplateId:921587278;","18000","259200","Tue Mar 15 01:57:25 PDT 2022","","","3SB5N7Y3O3506REZIIKGYW8S3YJ0GN","A2CK4EBWLXYOV1","Approved","Mon Feb 14 08:19:51 PST 2022","Mon Feb 14 08:23:56 PST 2022","Thu Feb 17 08:23:56 PST 2022","Thu Feb 17 08:24:12 PST 2022","","","245","100% (367/367)","100% (23/23)","100% (22/22)","Wiki1k:wikipedia:26964606:106:0","The first Austrian film director to receive an Academy Award was Stefan Ruzowitzky .","4","6","","","[{""another-question"":""add QA"",""answers-1"":""Stefan Ruzowitzky"",""answers-2"":""film director"",""answers-3"":""Austrian"",""discard-question"":""discard question"",""end-1"":""13"",""end-2"":""5"",""end-3"":""3"",""member-consist-1"":""member"",""member-consist-2"":""member"",""member-consist-3"":""member"",""member-partof-1"":""member"",""member-partof-2"":""member"",""member-partof-3"":""member"",""notthe-copular-1"":""director"",""notthe-copular-2"":""director"",""notthe-copular-3"":""director"",""part-consist-1"":""part"",""part-consist-2"":""part"",""part-consist-3"":""part"",""part-partof-1"":""part"",""part-partof-2"":""part"",""part-partof-3"":""part"",""question-1"":""What/Who is (the) director?"",""question-1-copular-input-the-notthe"":""the director"",""question-1-copular-input-what-who"":""Who"",""question-2"":""What kind of director?"",""question-3"":""What is the [PROPERTY] of (the) director?"",""question-3-property-input"":""ancetry"",""remove-button"":""remove answer"",""start-1"":""12"",""start-2"":""4"",""start-3"":""3"",""the-copular-1"":""the director"",""the-copular-2"":""the director"",""the-copular-3"":""the director"",""what-consist-1"":""What"",""what-consist-2"":""What"",""what-consist-3"":""What"",""what-copular-1"":""What"",""what-copular-2"":""What"",""what-copular-3"":""What"",""who-consist-1"":""Who"",""who-consist-2"":""Who"",""who-consist-3"":""Who"",""who-copular-1"":""Who"",""who-copular-2"":""Who"",""who-copular-3"":""Who""}]"